input_file,α,sam_ratio,subs_rate,rs,total_oligos,total_reads,mean_coverage,oligo_recovery(seq),dropout(seq),oligo_recovery(decode),dropout(decode),GRAND_pass_oligos,GRAND_fail_oligos,GRAND_success_rate,chunks_recovered,total_chunks,data_recovery,decode_success,decode_time
lena.jpg,0.5,0.01,0.0035,,644,330,0.51,38.51,61.49,32.76,67.24,25,37,40.32,9,429,2.1,No,0.99
lena.jpg,0.5,0.01,0.0035,,644,353,0.55,41.93,58.07,34.16,65.84,25,50,33.33,11,429,2.56,No,0.25
lena.jpg,0.5,0.01,0.0035,,644,351,0.55,41.15,58.85,34.01,65.99,28,46,37.84,9,429,2.1,No,0.27
lena.jpg,0.5,0.01,0.0035,,644,332,0.52,37.73,62.27,32.92,67.08,23,31,42.59,13,429,3.03,No,0.21
lena.jpg,0.5,0.01,0.0035,,644,292,0.45,34.32,65.68,28.73,71.27,24,36,40.0,6,429,1.4,No,0.2
lena.jpg,0.5,0.01,0.0035,,644,670,1.04,62.27,37.73,51.24,48.76,43,71,37.72,13,429,3.03,No,0.28
lena.jpg,0.5,0.01,0.0035,,644,644,1.0,61.18,38.82,51.86,48.14,41,60,40.59,10,429,2.33,No,0.34
lena.jpg,0.5,0.01,0.0035,,644,602,0.93,58.23,41.77,48.45,51.55,41,63,39.42,24,429,5.59,No,0.27
lena.jpg,0.5,0.01,0.0035,,644,642,1.0,58.39,41.61,47.98,52.02,26,67,27.96,36,429,8.39,No,0.29
lena.jpg,0.5,0.01,0.0035,,644,667,1.04,61.8,38.2,51.55,48.45,38,66,36.54,25,429,5.83,No,0.27
lena.jpg,0.5,0.01,0.0035,,644,956,1.48,72.67,27.33,60.56,39.44,32,78,29.09,35,429,8.16,No,0.31
lena.jpg,0.5,0.01,0.0035,,644,964,1.5,72.05,27.95,60.09,39.91,31,77,28.7,64,429,14.92,No,0.32
lena.jpg,0.5,0.01,0.0035,,644,1012,1.57,73.91,26.09,63.51,36.49,35,67,34.31,21,429,4.9,No,0.29
lena.jpg,0.5,0.01,0.0035,,644,1012,1.57,73.91,26.09,62.27,37.73,36,75,32.43,20,429,4.66,No,0.3
lena.jpg,0.5,0.01,0.0035,,644,982,1.52,76.55,23.45,65.06,34.94,36,74,32.73,57,429,13.29,No,0.32
lena.jpg,0.5,0.01,0.0035,,644,1335,2.07,84.47,15.53,70.81,29.19,49,88,35.77,157,429,36.6,No,0.42
lena.jpg,0.5,0.01,0.0035,,644,1258,1.95,81.52,18.48,69.25,30.75,43,79,35.25,19,429,4.43,No,0.31
lena.jpg,0.5,0.01,0.0035,,644,1340,2.08,84.32,15.68,72.83,27.17,33,74,30.84,32,429,7.46,No,0.31
lena.jpg,0.5,0.01,0.0035,,644,1274,1.98,82.3,17.7,70.65,29.35,47,75,38.52,90,429,20.98,No,0.31
lena.jpg,0.5,0.01,0.0035,,644,1315,2.04,83.85,16.15,71.43,28.57,36,80,31.03,139,429,32.4,No,0.32
lena.jpg,0.5,0.01,0.0035,,644,1602,2.49,88.04,11.96,75.0,25.0,39,84,31.71,91,429,21.21,No,0.33
lena.jpg,0.5,0.01,0.0035,,644,1645,2.55,88.82,11.18,79.04,20.96,38,63,37.62,289,429,67.37,No,0.33
lena.jpg,0.5,0.01,0.0035,,644,1601,2.49,90.99,9.01,77.17,22.83,37,89,29.37,254,429,59.21,No,0.35
lena.jpg,0.5,0.01,0.0035,,644,1599,2.48,88.82,11.18,77.95,22.05,36,70,33.96,50,429,11.66,No,0.31
lena.jpg,0.5,0.01,0.0035,,644,1556,2.42,87.89,12.11,78.42,21.58,36,61,37.11,82,429,19.11,No,0.32
lena.jpg,0.5,0.01,0.0035,,644,1960,3.04,92.39,7.61,80.43,19.57,38,77,33.04,166,429,38.69,No,0.33
lena.jpg,0.5,0.01,0.0035,,644,1983,3.08,90.68,9.32,80.9,19.1,37,63,37.0,261,429,60.84,No,0.32
lena.jpg,0.5,0.01,0.0035,,644,1963,3.05,90.84,9.16,79.66,20.34,35,72,32.71,114,429,26.57,No,0.34
lena.jpg,0.5,0.01,0.0035,,644,1900,2.95,92.08,7.92,81.99,18.01,34,59,36.56,429,429,100.0,Yes,0.33
lena.jpg,0.5,0.01,0.0035,,644,1958,3.04,91.77,8.23,81.06,18.94,25,66,27.47,429,429,100.0,Yes,0.34
lena.jpg,0.5,0.01,0.0035,,644,2215,3.44,91.93,8.07,78.11,21.89,31,64,32.63,429,429,100.0,Yes,0.31
lena.jpg,0.5,0.01,0.0035,,644,2253,3.5,94.25,5.75,77.33,22.67,31,48,39.24,429,429,100.0,Yes,0.28
lena.jpg,0.5,0.01,0.0035,,644,2330,3.62,95.19,4.81,80.9,19.1,30,62,32.61,429,429,100.0,Yes,0.3
lena.jpg,0.5,0.01,0.0035,,644,2231,3.46,94.25,5.75,85.56,14.44,40,49,44.94,429,429,100.0,Yes,0.29
lena.jpg,0.5,0.01,0.0035,,644,2241,3.48,93.17,6.83,80.9,19.1,21,42,33.33,429,429,100.0,Yes,0.26
lena.jpg,0.5,0.01,0.0035,,644,2629,4.08,96.27,3.73,83.39,16.61,25,56,30.86,429,429,100.0,Yes,0.3
lena.jpg,0.5,0.01,0.0035,,644,2499,3.88,94.72,5.28,80.59,19.41,30,39,43.48,429,429,100.0,Yes,0.31
lena.jpg,0.5,0.01,0.0035,,644,2604,4.04,95.19,4.81,79.35,20.65,31,46,40.26,429,429,100.0,Yes,0.29
lena.jpg,0.5,0.01,0.0035,,644,2635,4.09,95.65,4.35,79.5,20.5,23,52,30.67,429,429,100.0,Yes,0.3
lena.jpg,0.5,0.01,0.0035,,644,2545,3.95,95.5,4.5,77.48,22.52,32,55,36.78,429,429,100.0,Yes,0.31
lena.jpg,0.5,0.01,0.0035,,644,2872,4.46,96.43,3.57,77.8,22.2,27,35,43.55,429,429,100.0,Yes,0.28
lena.jpg,0.5,0.01,0.0035,,644,2877,4.47,96.27,3.73,80.12,19.88,33,46,41.77,429,429,100.0,Yes,0.31
lena.jpg,0.5,0.01,0.0035,,644,2792,4.34,96.12,3.88,79.04,20.96,26,47,35.62,429,429,100.0,Yes,0.27
lena.jpg,0.5,0.01,0.0035,,644,2819,4.38,97.36,2.64,77.95,22.05,26,45,36.62,429,429,100.0,Yes,0.27
lena.jpg,0.5,0.01,0.0035,,644,2916,4.53,96.58,3.42,84.16,15.84,27,49,35.53,429,429,100.0,Yes,0.3
lena.jpg,0.5,0.01,0.0035,,644,3193,4.96,96.89,3.11,83.54,16.46,23,37,38.33,429,429,100.0,Yes,0.26
lena.jpg,0.5,0.01,0.0035,,644,3126,4.85,96.27,3.73,81.21,18.79,31,48,39.24,429,429,100.0,Yes,0.29
lena.jpg,0.5,0.01,0.0035,,644,3254,5.05,97.83,2.17,80.28,19.72,26,24,52.0,429,429,100.0,Yes,0.23
lena.jpg,0.5,0.01,0.0035,,644,3279,5.09,97.67,2.33,80.59,19.41,28,48,36.84,429,429,100.0,Yes,0.32
lena.jpg,0.5,0.01,0.0035,,644,3208,4.98,96.58,3.42,79.04,20.96,25,41,37.88,429,429,100.0,Yes,0.27
lena.jpg,0.5,0.01,0.0035,,644,3516,5.46,97.2,2.8,79.66,20.34,30,34,46.88,429,429,100.0,Yes,0.28
lena.jpg,0.5,0.01,0.0035,,644,3561,5.53,98.14,1.86,81.83,18.17,27,39,40.91,429,429,100.0,Yes,0.28
lena.jpg,0.5,0.01,0.0035,,644,3549,5.51,97.98,2.02,80.12,19.88,23,38,37.7,429,429,100.0,Yes,0.25
lena.jpg,0.5,0.01,0.0035,,644,3512,5.45,98.6,1.4,79.5,20.5,18,43,29.51,429,429,100.0,Yes,0.33
lena.jpg,0.5,0.01,0.0035,,644,3586,5.57,98.6,1.4,78.42,21.58,19,35,35.19,429,429,100.0,Yes,0.26
lena.jpg,0.5,0.01,0.0035,,644,3923,6.09,98.76,1.24,79.19,20.81,17,29,36.96,429,429,100.0,Yes,0.24
lena.jpg,0.5,0.01,0.0035,,644,3850,5.98,97.98,2.02,79.81,20.19,26,31,45.61,429,429,100.0,Yes,0.24
lena.jpg,0.5,0.01,0.0035,,644,3748,5.82,98.14,1.86,77.64,22.36,14,28,33.33,429,429,100.0,Yes,0.23
lena.jpg,0.5,0.01,0.0035,,644,3859,5.99,97.83,2.17,79.66,20.34,15,34,30.61,429,429,100.0,Yes,0.3
lena.jpg,0.5,0.01,0.0035,,644,3876,6.02,98.45,1.55,77.8,22.2,17,39,30.36,429,429,100.0,Yes,0.26
lena.jpg,0.5,0.01,0.0035,,644,4194,6.51,98.91,1.09,81.68,18.32,21,38,35.59,429,429,100.0,Yes,0.26
lena.jpg,0.5,0.01,0.0035,,644,4326,6.72,98.45,1.55,79.5,20.5,22,27,44.9,429,429,100.0,Yes,0.25
lena.jpg,0.5,0.01,0.0035,,644,4107,6.38,98.6,1.4,79.04,20.96,23,27,46.0,429,429,100.0,Yes,0.44
lena.jpg,0.5,0.01,0.0035,,644,4187,6.5,98.6,1.4,79.19,20.81,14,23,37.84,429,429,100.0,Yes,0.33
lena.jpg,0.5,0.01,0.0035,,644,4172,6.48,99.07,0.93,76.4,23.6,17,26,39.53,429,429,100.0,Yes,0.24
lena.jpg,0.5,0.01,0.0035,,644,4528,7.03,98.6,1.4,80.43,19.57,14,27,34.15,429,429,100.0,Yes,0.23
lena.jpg,0.5,0.01,0.0035,,644,4466,6.93,98.45,1.55,82.76,17.24,19,23,45.24,429,429,100.0,Yes,0.26
lena.jpg,0.5,0.01,0.0035,,644,4551,7.07,99.53,0.47,78.26,21.74,16,31,34.04,429,429,100.0,Yes,0.24
lena.jpg,0.5,0.01,0.0035,,644,4555,7.07,99.07,0.93,77.95,22.05,22,36,37.93,429,429,100.0,Yes,0.38
lena.jpg,0.5,0.01,0.0035,,644,4555,7.07,99.53,0.47,81.83,18.17,19,23,45.24,429,429,100.0,Yes,0.29
lena.jpg,0.5,0.01,0.0035,,644,4802,7.46,98.45,1.55,81.99,18.01,18,33,35.29,429,429,100.0,Yes,0.25
lena.jpg,0.5,0.01,0.0035,,644,4740,7.36,99.38,0.62,77.95,22.05,15,27,35.71,429,429,100.0,Yes,0.24
lena.jpg,0.5,0.01,0.0035,,644,4875,7.57,99.07,0.93,83.23,16.77,17,17,50.0,429,429,100.0,Yes,0.22
lena.jpg,0.5,0.01,0.0035,,644,4799,7.45,99.38,0.62,78.73,21.27,15,22,40.54,429,429,100.0,Yes,0.3
lena.jpg,0.5,0.01,0.0035,,644,4693,7.29,99.07,0.93,80.59,19.41,20,28,41.67,429,429,100.0,Yes,0.23
lena.jpg,0.5,0.01,0.0035,,644,5175,8.04,98.76,1.24,80.28,19.72,14,28,33.33,429,429,100.0,Yes,0.24
lena.jpg,0.5,0.01,0.0035,,644,5152,8.0,98.91,1.09,77.64,22.36,16,13,55.17,429,429,100.0,Yes,0.21
lena.jpg,0.5,0.01,0.0035,,644,5197,8.07,99.22,0.78,77.8,22.2,16,29,35.56,429,429,100.0,Yes,0.24
lena.jpg,0.5,0.01,0.0035,,644,5113,7.94,98.6,1.4,79.04,20.96,11,16,40.74,429,429,100.0,Yes,0.2
lena.jpg,0.5,0.01,0.0035,,644,5203,8.08,99.84,0.16,79.04,20.96,15,20,42.86,429,429,100.0,Yes,0.25
lena.jpg,0.5,0.01,0.0035,,644,5405,8.39,99.69,0.31,78.42,21.58,14,19,42.42,429,429,100.0,Yes,0.23
lena.jpg,0.5,0.01,0.0035,,644,5573,8.65,99.53,0.47,81.83,18.17,22,25,46.81,429,429,100.0,Yes,0.29
lena.jpg,0.5,0.01,0.0035,,644,5414,8.41,99.22,0.78,79.97,20.03,12,25,32.43,429,429,100.0,Yes,0.23
lena.jpg,0.5,0.01,0.0035,,644,5551,8.62,100.0,0.0,81.68,18.32,11,25,30.56,429,429,100.0,Yes,0.23
lena.jpg,0.5,0.01,0.0035,,644,5518,8.57,99.69,0.31,78.57,21.43,12,26,31.58,429,429,100.0,Yes,0.23
lena.jpg,0.5,0.01,0.0035,,644,5659,8.79,99.38,0.62,79.5,20.5,13,18,41.94,429,429,100.0,Yes,0.21
lena.jpg,0.5,0.01,0.0035,,644,5713,8.87,98.76,1.24,81.83,18.17,15,19,44.12,429,429,100.0,Yes,0.23
lena.jpg,0.5,0.01,0.0035,,644,5735,8.91,99.07,0.93,78.88,21.12,6,10,37.5,429,429,100.0,Yes,0.19
lena.jpg,0.5,0.01,0.0035,,644,5820,9.04,99.53,0.47,81.83,18.17,12,23,34.29,429,429,100.0,Yes,0.23
lena.jpg,0.5,0.01,0.0035,,644,5816,9.03,99.07,0.93,79.04,20.96,17,24,41.46,429,429,100.0,Yes,0.23
lena.jpg,0.5,0.01,0.0035,,644,6044,9.39,99.69,0.31,79.5,20.5,8,24,25.0,429,429,100.0,Yes,0.22
lena.jpg,0.5,0.01,0.0035,,644,6082,9.44,99.22,0.78,79.35,20.65,13,17,43.33,429,429,100.0,Yes,0.23
lena.jpg,0.5,0.01,0.0035,,644,6123,9.51,99.69,0.31,78.57,21.43,16,19,45.71,429,429,100.0,Yes,0.22
lena.jpg,0.5,0.01,0.0035,,644,6157,9.56,99.84,0.16,82.45,17.55,10,18,35.71,429,429,100.0,Yes,0.22
lena.jpg,0.5,0.01,0.0035,,644,6118,9.5,99.07,0.93,79.35,20.65,8,12,40.0,429,429,100.0,Yes,0.26
lena.jpg,0.5,0.01,0.0035,,644,6493,10.08,99.84,0.16,79.04,20.96,11,23,32.35,429,429,100.0,Yes,0.23
lena.jpg,0.5,0.01,0.0035,,644,6431,9.99,99.53,0.47,82.14,17.86,12,19,38.71,429,429,100.0,Yes,0.24
lena.jpg,0.5,0.01,0.0035,,644,6504,10.1,99.38,0.62,78.88,21.12,10,19,34.48,429,429,100.0,Yes,0.24
lena.jpg,0.5,0.01,0.0035,,644,6499,10.09,99.38,0.62,86.8,13.2,10,24,29.41,429,429,100.0,Yes,0.24
lena.jpg,0.5,0.01,0.0035,,644,6336,9.84,99.53,0.47,78.73,21.27,11,23,32.35,429,429,100.0,Yes,0.22
