input_file,file,alpha,pcrc,pcrp,sampling_ratio,subs_rate,rs,total_oligos,total_reads,mean_coverage,%_oligos_seen,dropout_rate,decoded_successfully
/// CRC ///
lena.jpg,seq_copy_counts.csv,0.9,15,0.9,0.009,0.002,0,816,4052,4.97,86.03,13.97,Yes
lena.jpg,seq_copy_counts.csv,0.9,15,0.9,0.009,0.002,0,816,4074,4.99,86.76,13.24,Yes
lena.jpg,seq_copy_counts.csv,0.9,15,0.9,0.009,0.002,0,816,3969,4.86,84.19,15.81,Yes
lena.jpg,seq_copy_counts.csv,0.9,15,0.9,0.009,0.002,0,816,4034,4.94,87.13,12.87,Yes
lena.jpg,seq_copy_counts.csv,0.9,15,0.9,0.009,0.002,0,816,4062,4.98,84.07,15.93,Yes
lena.jpg,seq_copy_counts.csv,0.5,15,0.9,0.009,0.002,0,644,3366,5.23,86.34,13.66,No
lena.jpg,seq_copy_counts.csv,0.5,15,0.9,0.009,0.002,0,644,3219,5.0,86.18,13.82,No
lena.jpg,seq_copy_counts.csv,0.5,15,0.9,0.009,0.001,0,644,3235,5.02,85.87,14.13,No
lena.jpg,seq_copy_counts.csv,0.5,15,0.9,0.009,0.0008,0,644,3276,5.09,85.25,14.75,No
lena.jpg,seq_copy_counts.csv,0.7,15,0.9,0.009,0.0008,0,730,3596,4.93,86.3,13.7,Yes
lena.jpg,seq_copy_counts.csv,0.7,11,0.9,0.009,0.0008,0,730,3569,4.89,83.84,16.16,Yes
lena.jpg,seq_copy_counts.csv,0.7,11,0.9,0.009,0.0008,0,730,3738,5.12,85.07,14.93,Yes
lena.jpg,seq_copy_counts.csv,0.7,11,0.9,0.005,0.0008,0,730,3558,4.87,84.93,15.07,Yes
lena.jpg,seq_copy_counts.csv,0.7,11,0.9,0.005,0.0008,0,730,3690,5.05,85.48,14.52,Yes
lena.jpg,seq_copy_counts.csv,0.7,11,0.9,0.005,0.0008,0,730,3638,4.98,84.93,15.07,Yes
lena.jpg,seq_copy_counts.csv,0.7,11,0.9,0.005,0.0008,0,730,3647,5.0,97.26,2.74,Yes // syn_yield=0.99
lena.jpg,seq_copy_counts.csv,0.7,11,0.9,0.005,0.0008,0,730,3693,5.06,75.34,24.66,No // syn_yield=0.98 syn_number=20
lena.jpg,seq_copy_counts.csv,0.7,11,0.9,0.01,0.0008,0,730,3641,4.99,76.99,23.01,No // syn_yield=0.98 syn_number=20 sam_ratio=0.01
lena.jpg,seq_copy_counts.csv,0.7,11,0.9,0.01,0.0008,0,730,3602,4.93,85.75,14.25,Yes
lena.jpg,seq_copy_counts.csv,0.7,11,0.9,0.01,0.0008,0,730,3624,4.96,94.25,5.75,Yes
lena.jpg,seq_copy_counts.csv,0.7,11,0.9,0.005,0.0008,0,730,3568,4.89,93.01,6.99,Yes
lena.jpg,seq_copy_counts.csv,0.7,11,0.9,0.005,0.0008,0,730,3627,4.97,92.47,7.53,Yes
lena.jpg,seq_copy_counts.csv,0.7,11,0.5,0.005,0.0008,0,730,3601,4.93,92.88,7.12,Yes
lena.jpg,seq_copy_counts.csv,0.7,11,0.5,0.004,0.0008,0,730,3573,4.89,91.92,8.08,Yes
lena.jpg,seq_copy_counts.csv,0.7,11,0.5,0.4,0.0008,0,730,3547,4.86,92.05,7.95,Yes
lena.jpg,seq_copy_counts.csv,0.7,11,0.5,0.9,0.0008,0,730,3682,5.04,92.74,7.26,Yes
lena.jpg,seq_copy_counts.csv,0.7,11,0.5,0.9,0.0008,0,730,3701,5.07,93.29,6.71,Yes
lena.jpg,seq_copy_counts.csv,0.9,11,0.5,0.9,0.0008,0,816,4070,4.99,93.38,6.62,Yes
lena.jpg,seq_copy_counts.csv,0.9,11,0.5,0.9,0.0008,0,816,4090,5.01,92.65,7.35,Yes
lena.jpg,seq_copy_counts.csv,1.5,11,0.5,0.9,0.0008,0,1073,5322,4.96,93.57,6.43,Yes
lena.jpg,seq_copy_counts.csv,1.5,15,0.5,0.9,0.0008,0,1073,5325,4.96,92.92,7.08,Yes
lena.jpg,seq_copy_counts.csv,1.5,15,0.5,0.9,0.0008,0,1073,5368,5.0,93.57,6.43,Yes
lena.jpg,seq_copy_counts.csv,0.5,15,0.5,0.9,0.0008,0,644,3226,5.01,93.94,6.06,Yes


/// RS ///
lena.jpg,seq_copy_counts.csv,0.5,15,0.5,0.9,0.0008,0,644,3270,5.08,96.27,3.73,Yes
lena.jpg,seq_copy_counts.csv,0.5,11,0.5,0.9,0.0008,0,644,3286,5.1,96.74,3.26,Yes
lena.jpg,seq_copy_counts.csv,0.5,11,0.5,0.05,0.0008,0,644,3284,5.1,96.58,3.42,Yes
lena.jpg,seq_copy_counts.csv,0.5,11,0.5,0.05,0.0008,0,644,3271,5.08,95.81,4.19,Yes
lena.jpg,seq_copy_counts.csv,0.5,11,0.5,0.09,0.0008,0,644,3302,5.13,94.1,5.9,Yes
lena.jpg,seq_copy_counts.csv,0.5,11,0.5,0.09,0.0008,0,644,3179,4.94,93.63,6.37,Yes
lena.jpg,seq_copy_counts.csv,0.7,11,0.5,0.09,0.0008,0,730,3638,4.98,95.34,4.66,Yes
lena.jpg,seq_copy_counts.csv,0.7,11,0.5,0.09,0.001,0,730,3722,5.1,94.25,5.75,Yes
lena.jpg,seq_copy_counts.csv,0.7,11,0.5,0.09,0.001,0,730,3624,4.96,96.16,3.84,Yes
lena.jpg,seq_copy_counts.csv,0.7,11,0.5,0.09,0.002,0,730,3643,4.99,95.89,4.11,Yes
lena.jpg,seq_copy_counts.csv,0.7,11,0.9,0.09,0.002,0,730,3572,4.89,95.89,4.11,Yes
lena.jpg,seq_copy_counts.csv,0.7,11,0.9,0.09,0.002,0,730,3706,5.08,96.03,3.97,Yes
lena.jpg,seq_copy_counts.csv,0.7,11,0.9,0.005,0.002,0,730,3708,5.08,95.21,4.79,Yes
lena.jpg,seq_copy_counts.csv,0.7,11,0.9,0.005,0.002,0,730,3702,5.07,95.21,4.79,Yes
lena.jpg,seq_copy_counts.csv,0.7,11,0.9,0.005,0.003,0,730,3687,5.05,93.7,6.3,Yes
lena.jpg,seq_copy_counts.csv,0.7,11,0.9,0.005,0.005,0,730,3598,4.93,95.21,4.79,Yes
lena.jpg,seq_copy_counts.csv,0.7,11,0.9,0.005,0.01,0,730,3598,4.93,96.44,3.56,Yes
lena.jpg,seq_copy_counts.csv,0.7,11,0.9,0.005,0.01,0,730,3712,5.08,95.34,4.66,Yes
lena.jpg,seq_copy_counts.csv,0.7,11,0.9,0.005,0.01,0,730,3716,5.09,96.71,3.29,Yes
lena.jpg,seq_copy_counts.csv,0.7,11,0.9,0.005,0.01,0,730,3614,4.95,95.21,4.79,Yes


TM_NNP
lena.jpg,seq_copy_counts.csv,0.7,11,0.9,0.005,0.01,0,730,3644,4.99,94.66,5.34,Yes
lena.jpg,seq_copy_counts.csv,0.7,14,0.9,0.005,0.01,0,730,3676,5.04,95.62,4.38,Yes
lena.jpg,seq_copy_counts.csv,0.7,14,0.9,0.005,0.01,0,730,3623,4.96,96.44,3.56,Yes
lena.jpg,seq_copy_counts.csv,0.7,14,0.9,1,0.01,0,730,3714,5.09,96.99,3.01,Yes
lena.jpg,seq_copy_counts.csv,0.7,14,0.9,0.97,0.01,0,730,3598,4.93,96.58,3.42,Yes
lena.jpg,seq_copy_counts.csv,0.7,14,0.9,0.9,0.05,0,730,3617,4.95,96.3,3.7,Yes
lena.jpg,seq_copy_counts.csv,0.7,14,0.9,0.9,0.005,0,730,3633,4.98,94.25,5.75,Yes
lena.jpg,seq_copy_counts.csv,0.7,14,0.9,0.9,0.0005,0,730,3641,4.99,95.21,4.79,Yes
lena.jpg,seq_copy_counts.csv,0.7,14,0.9,0.9,0.0005,0,730,3680,5.04,93.97,6.03,Yes
lena.jpg,seq_copy_counts.csv,0.7,14,0.9,0.9,0.0005,0,730,3508,4.81,95.75,4.25,Yes
lena.jpg,seq_copy_counts.csv,0.7,14,0.7,0.9,0.0005,0,730,3738,5.12,94.79,5.21,Yes

TM_NGS
lena.jpg,seq_copy_counts.csv,0.7,14,0.7,0.9,0.0005,0,730,725,0.99,60.27,39.73,No
lena.jpg,seq_copy_counts.csv,0.7,14,0.9,0.9,0.0005,0,730,719,0.98,60.27,39.73,No
lena.jpg,seq_copy_counts.csv,0.7,14,0.9,0.9,0.0005,0,730,725,0.99,0.14,99.86,No
lena.jpg,seq_copy_counts.csv,0.7,14,0.9,0.9,0.0005,0,730,724,0.99,14.66,85.34,No
lena.jpg,seq_copy_counts.csv,0.7,14,0.9,0.9,0.0005,0,730,731,1.0,58.08,41.92,No
lena.jpg,seq_copy_counts.csv,0.7,14,0.9,0.9,0.0005,0,730,727,1.0,61.37,38.63,No
lena.jpg,seq_copy_counts.csv,0.7,14,0.9,0.9,0.0005,0,730,1497,2.05,82.88,17.12,Yes
lena.jpg,seq_copy_counts.csv,0.7,14,0.9,0.9,0.0005,0,730,1459,2.0,82.88,17.12,Yes
lena.jpg,seq_copy_counts.csv,0.7,14,0.9,0.9,0.0005,0,730,7299,10.0,99.86,0.14,Yes
lena.jpg,seq_copy_counts.csv,0.7,14,0.9,0.9,0.0005,0,730,7262,9.95,99.59,0.41,Yes
lena.jpg,seq_copy_counts.csv,0.7,14,0.9,0.9,0.0009,0,730,7366,10.09,99.86,0.14,Yes
lena.jpg,seq_copy_counts.csv,0.7,14,0.9,0.9,0.003,0,730,7428,10.18,99.59,0.41,Yes
lena.jpg,seq_copy_counts.csv,0.7,14,0.9,0.9,0.003,0,730,3621,4.96,97.53,2.47,Yes
lena.jpg,seq_copy_counts.csv,0.7,14,0.9,0.9,0.0035,0,730,3590,4.92,97.67,2.33,Yes
lena.jpg,seq_copy_counts.csv,0.7,14,0.9,0.9,0.0035,0,730,2177,2.98,91.51,8.49,No
lena.jpg,seq_copy_counts.csv,0.7,14,0.9,0.9,0.0035,0,730,2989,4.09,96.85,3.15,Yes
lena.jpg,seq_copy_counts.csv,0.7,14,0.9,0.9,0.0035,0,730,2536,3.47,94.11,5.89,No
lena.jpg,seq_copy_counts.csv,0.7,14,0.9,0.9,0.0035,0,730,2616,3.58,95.07,4.93,Yes
lena.jpg,seq_copy_counts.csv,0.7,14,0.9,0.9,0.0035,0,730,2574,3.53,95.62,4.38,Yes
lena.jpg,seq_copy_counts.csv,0.7,14,0.9,0.9,0.0035,0,730,2549,3.49,94.79,5.21,No
lena.jpg,seq_copy_counts.csv,0.7,14,0.9,0.9,0.0035,0,730,2587,3.54,93.97,6.03,No
lena.jpg,seq_copy_counts.csv,0.7,14,0.9,0.9,0.0035,0,730,2612,3.58,95.48,4.52,No
lena.jpg,seq_copy_counts.csv,0.7,14,0.9,0.9,0.0035,0,730,2669,3.66,94.52,5.48,Yes
lena.jpg,seq_copy_counts.csv,0.7,14,0.9,0.9,0.0035,0,730,2507,3.43,92.05,7.95,No
lena.jpg,seq_copy_counts.csv,0.7,14,0.9,0.9,0.0035,0,730,2674,3.66,94.52,5.48,Yes #here 3.6 is min coverage required


chunk size = 36
lena.jpg,seq_copy_counts.csv,0.7,14,0.9,0.9,0.0035,0,407,1464,3.6,90.66,9.34,No
lena.jpg,seq_copy_counts.csv,0.7,14,0.9,0.9,0.0035,0,407,1634,4.01,91.15,8.85,No
lena.jpg,seq_copy_counts.csv,0.7,14,0.9,0.9,0.0035,0,407,1951,4.79,91.15,8.85,No
lena.jpg,seq_copy_counts.csv,0.7,14,0.9,0.9,0.0035,0,407,4011,9.86,94.84,5.16,No
lena.jpg,seq_copy_counts.csv,0.9,14,0.9,0.9,0.0035,0,455,4426,9.73,96.26,3.74,Yes

chunk size back to 20
lena.jpg,seq_copy_counts.csv,0.7,14,0.9,0.9,0.0035,0,730,2574,3.53,95.34,4.66,Yes
lena.jpg,seq_copy_counts.csv,0.7,14,0.9,0.9,0.0035,0,730,2585,3.54,82.74,17.26,No
lena.jpg,seq_copy_counts.csv,0.7,14,0.9,0.9,0.0035,0,730,2612,3.58,82.05,17.95,No
lena.jpg,seq_copy_counts.csv,0.7,14,0.9,0.9,0.0035,0,730,2609,3.57,80.14,19.86,No
lena.jpg,seq_copy_counts.csv,0.7,14,0.9,0.9,0.0035,0,730,2560,3.51,80.55,19.45,No
lena.jpg,seq_copy_counts.csv,0.7,14,0.9,0.9,0.0035,0,730,2687,3.68,84.52,15.48,No
lena.jpg,seq_copy_counts.csv,0.7,14,0.9,0.9,0.0035,0,730,2527,3.46,81.64,18.36,No
lena.jpg,seq_copy_counts.csv,0.7,14,0.9,0.9,0.0035,0,730,2636,3.61,83.42,16.58,No
lena.jpg,seq_copy_counts.csv,0.7,14,0.9,0.9,0.0035,0,730,2641,3.62,80.82,19.18,No
lena.jpg,seq_copy_counts.csv,0.7,14,0.9,0.9,0.0035,0,730,2608,3.57,81.92,18.08,No
lena.jpg,seq_copy_counts.csv,0.7,14,0.9,0.9,0.0035,0,730,2579,3.53,83.56,16.44,No
lena.jpg,seq_copy_counts.csv,0.7,12,0.8,0.9,0.0035,0,730,2589,3.55,82.19,17.81,No
lena.jpg,seq_copy_counts.csv,0.7,12,0.8,0.01,0.0035,0,730,2662,3.65,83.01,16.99,No
lena.jpg,seq_copy_counts.csv,0.7,12,0.8,0.01,0.0035,0,730,7324,10.03,89.18,10.82,No
lena.jpg,seq_copy_counts.csv,0.7,12,0.8,0.01,0.0035,0,730,7393,10.13,99.45,0.55,Yes //syn_yield=0.99 coverage 10x
lena.jpg,seq_copy_counts.csv,0.7,12,0.8,0.01,0.0035,0,730,1485,2.03,84.52,15.48,No //syn_yield=0.99 coverage 2x
lena.jpg,seq_copy_counts.csv,0.7,12,0.8,0.1,0.0035,0,730,1535,2.1,86.3,13.7,No
lena.jpg,seq_copy_counts.csv,0.7,12,0.8,0.9,0.0035,0,730,1442,1.98,80.82,19.18,No
